,0
amount_ratio,0.10162536835388328
city_mismatch,0.04564138205629527
is_night,0.03576803629908385
hour,0.01927179018018328
risky_merchant,0.009157885077231498
device_new,0.009010205065261068
international,0.0021064716550600604
merchant_grocery,0.0011385014899623735
secs_since_last_tx,0.0010519049278443049
log_amount,0.0006760650139950641
merchant_crypto,0.000485075009679381
merchant_fuel,0.00017370093149839949
merchant_utilities,6.094505345835e-05
merchant_jewellery,-2.2204460492503132e-17
merchant_travel,-4.4408920985006264e-17
merchant_gaming,-4.4408920985006264e-17
merchant_electronics,-0.00010971230728218373
merchant_food,-0.00015472891614791705
tx_count_24h,-0.0003854129892252534
